id,control,incongruent
1,20.851712182429765,38.7454962347441
2,16.548589168575138,31.308108231067806
3,19.509602862273496,39.122062326237256
4,24.1472513687552,35.95089987118464
5,17.41211075790138,32.61343614470505
6,20.392751181455328,33.08784688503436
7,18.374508390089364,30.391597663865852
8,22.371622051394503,38.94857269640824
9,20.659968891957256,28.666316648250152
10,15.776569599278805,34.4923332790721
